Age,Salary,Experience_Years,Department,City,Education,Loan_Approved
30.0,62000.0,1.0,HR,Taichung,Bachelor,1
,35000.0,15.0,IT,Taipei,Bachelor,0
45.0,48000.0,5.0,HR,Taichung,Master,0
40.0,92000.0,10.0,HR,Taichung,Master,0
25.0,62000.0,3.0,HR,Hsinchu,Master,0
25.0,35000.0,12.0,IT,Taichung,Master,1
22.0,35000.0,3.0,IT,Kaohsiung,Master,1
50.0,62000.0,1.0,IT,Kaohsiung,Master,0
40.0,35000.0,15.0,Finance,Hsinchu,Bachelor,0
45.0,48000.0,1.0,Finance,Taipei,Bachelor,1
22.0,55000.0,3.0,HR,Kaohsiung,Bachelor,0
,62000.0,,Marketing,Tainan,nan,0
50.0,62000.0,,Finance,Taipei,PhD,0
25.0,48000.0,5.0,HR,Kaohsiung,Bachelor,1
25.0,78000.0,8.0,Sales,Kaohsiung,Master,1
25.0,48000.0,3.0,Sales,Hsinchu,PhD,0
30.0,48000.0,2.0,HR,Taichung,Bachelor,0
35.0,78000.0,3.0,IT,Hsinchu,Bachelor,1
35.0,62000.0,8.0,Marketing,Taipei,PhD,1
30.0,92000.0,10.0,Marketing,Taipei,Bachelor,0
40.0,62000.0,10.0,HR,Tainan,Master,1
25.0,62000.0,10.0,IT,Taipei,Bachelor,0
30.0,35000.0,1.0,IT,Taipei,PhD,0
30.0,55000.0,5.0,IT,Hsinchu,nan,1
35.0,48000.0,1.0,Finance,Hsinchu,PhD,0
45.0,48000.0,5.0,IT,Kaohsiung,Bachelor,0
25.0,,3.0,IT,Taipei,Master,0
35.0,55000.0,12.0,Marketing,Taipei,Master,0
40.0,92000.0,3.0,HR,Taichung,Bachelor,1
22.0,62000.0,1.0,IT,Hsinchu,Master,0
40.0,78000.0,1.0,Marketing,Taipei,Bachelor,1
25.0,55000.0,10.0,Sales,Hsinchu,Bachelor,0
22.0,62000.0,8.0,Finance,Taipei,Bachelor,0
60.0,55000.0,1.0,Finance,Taipei,Bachelor,0
,48000.0,1.0,HR,Hsinchu,Bachelor,1
50.0,78000.0,8.0,IT,Hsinchu,Master,0
30.0,48000.0,1.0,Finance,Kaohsiung,Bachelor,1
22.0,35000.0,10.0,IT,Hsinchu,Master,0
40.0,62000.0,8.0,IT,Taichung,Bachelor,1
35.0,48000.0,1.0,IT,Taichung,Bachelor,0
25.0,110000.0,1.0,HR,Taipei,Bachelor,1
35.0,,,IT,Taichung,Master,1
22.0,110000.0,3.0,IT,Taipei,Bachelor,1
55.0,55000.0,3.0,IT,Kaohsiung,Master,1
25.0,35000.0,10.0,HR,Taipei,Master,1
40.0,110000.0,15.0,Sales,Hsinchu,Master,0
30.0,55000.0,,Finance,Taipei,Bachelor,0
35.0,,10.0,Finance,Kaohsiung,Bachelor,0
35.0,,3.0,Marketing,Hsinchu,Master,1
25.0,92000.0,1.0,IT,Taichung,Bachelor,0
,48000.0,10.0,HR,Taipei,Master,1
45.0,55000.0,5.0,Finance,Taichung,Bachelor,0
60.0,92000.0,3.0,Finance,Taipei,PhD,0
55.0,48000.0,15.0,Marketing,Kaohsiung,Master,0
40.0,48000.0,1.0,IT,Taipei,nan,1
60.0,62000.0,5.0,HR,Taipei,Bachelor,0
22.0,110000.0,1.0,IT,Taipei,Master,0
25.0,62000.0,5.0,IT,Hsinchu,Bachelor,0
22.0,62000.0,1.0,Finance,Taichung,Bachelor,0
30.0,35000.0,1.0,Finance,Taipei,Master,0
30.0,62000.0,1.0,IT,Tainan,Master,0
30.0,,8.0,nan,Hsinchu,nan,1
50.0,35000.0,8.0,Finance,Hsinchu,Master,0
30.0,55000.0,5.0,IT,Hsinchu,Bachelor,0
30.0,92000.0,,HR,Hsinchu,Bachelor,0
35.0,78000.0,3.0,HR,Taichung,Master,0
25.0,62000.0,2.0,IT,Taipei,Bachelor,0
50.0,78000.0,12.0,HR,Taipei,Bachelor,0
22.0,55000.0,2.0,HR,Kaohsiung,Bachelor,0
,48000.0,,IT,Kaohsiung,Bachelor,0
45.0,92000.0,1.0,HR,Hsinchu,Bachelor,1
25.0,92000.0,,Sales,Taipei,Bachelor,1
22.0,92000.0,1.0,HR,Taichung,Bachelor,1
50.0,110000.0,12.0,Finance,Hsinchu,Bachelor,0
45.0,55000.0,5.0,IT,Taipei,nan,0
45.0,55000.0,,nan,Taipei,Bachelor,0
45.0,78000.0,1.0,HR,Taichung,Bachelor,0
22.0,62000.0,5.0,IT,Taichung,Master,1
30.0,78000.0,,nan,Taipei,Bachelor,0
22.0,78000.0,5.0,Sales,Taipei,PhD,0
50.0,92000.0,8.0,Marketing,Taipei,Master,0
40.0,48000.0,8.0,IT,Taichung,Bachelor,1
30.0,55000.0,5.0,HR,Taipei,Bachelor,0
22.0,35000.0,8.0,Finance,Taipei,Master,0
30.0,62000.0,5.0,Sales,Tainan,PhD,0
30.0,35000.0,15.0,Finance,Taipei,Bachelor,0
45.0,55000.0,1.0,Finance,Taichung,Master,0
40.0,55000.0,2.0,IT,Taipei,Bachelor,0
55.0,48000.0,,Marketing,Taipei,nan,0
35.0,62000.0,12.0,HR,Taipei,Bachelor,0
22.0,35000.0,5.0,IT,Taichung,PhD,0
45.0,35000.0,8.0,IT,Kaohsiung,Master,0
45.0,92000.0,2.0,Finance,Tainan,Master,0
35.0,55000.0,2.0,IT,Hsinchu,Bachelor,1
45.0,35000.0,5.0,HR,Taichung,Bachelor,1
35.0,55000.0,3.0,Finance,Taipei,Bachelor,0
35.0,78000.0,5.0,IT,Taipei,Bachelor,0
35.0,48000.0,1.0,Finance,Kaohsiung,Bachelor,0
22.0,62000.0,,HR,Taipei,Master,0
22.0,35000.0,,IT,Taipei,Bachelor,1
22.0,35000.0,8.0,Finance,Taipei,Bachelor,0
40.0,55000.0,5.0,HR,Taipei,nan,1
30.0,55000.0,3.0,IT,Taipei,Master,0
35.0,62000.0,10.0,HR,Taichung,PhD,0
55.0,78000.0,8.0,HR,Hsinchu,nan,1
25.0,,2.0,nan,Kaohsiung,Bachelor,1
30.0,55000.0,15.0,IT,Tainan,Bachelor,1
45.0,48000.0,10.0,Marketing,Taipei,Master,1
25.0,78000.0,15.0,IT,Taipei,Master,0
22.0,48000.0,8.0,Finance,Hsinchu,Bachelor,1
30.0,55000.0,8.0,Marketing,Taichung,Master,0
25.0,35000.0,3.0,Finance,Taipei,Bachelor,1
60.0,35000.0,15.0,IT,Taichung,Bachelor,0
50.0,,12.0,IT,Hsinchu,Bachelor,1
40.0,92000.0,1.0,IT,Taichung,Bachelor,0
55.0,62000.0,1.0,Sales,Hsinchu,Bachelor,0
50.0,55000.0,3.0,Marketing,Taipei,Bachelor,0
25.0,48000.0,10.0,nan,Kaohsiung,Master,1
55.0,48000.0,,HR,Tainan,Bachelor,0
35.0,48000.0,2.0,Marketing,Taipei,Bachelor,0
50.0,55000.0,5.0,Sales,Kaohsiung,Master,0
55.0,78000.0,3.0,HR,Hsinchu,nan,0
30.0,62000.0,,HR,Kaohsiung,Master,1
22.0,48000.0,10.0,Marketing,Tainan,Master,0
25.0,,10.0,Finance,Hsinchu,Master,1
35.0,78000.0,5.0,Marketing,Taipei,Bachelor,0
50.0,62000.0,3.0,HR,Taipei,Bachelor,0
50.0,62000.0,2.0,Marketing,Hsinchu,Bachelor,1
22.0,55000.0,1.0,IT,Taichung,Bachelor,1
35.0,48000.0,12.0,HR,Taipei,Bachelor,0
30.0,55000.0,10.0,HR,Taipei,Master,0
25.0,78000.0,,Marketing,Tainan,Bachelor,1
22.0,35000.0,,Finance,Kaohsiung,Bachelor,0
30.0,35000.0,5.0,Finance,Hsinchu,Bachelor,1
60.0,35000.0,10.0,IT,Taipei,Master,1
30.0,35000.0,15.0,Sales,Taipei,Bachelor,1
35.0,92000.0,10.0,IT,Taipei,Master,0
45.0,78000.0,2.0,Marketing,Kaohsiung,Bachelor,1
30.0,55000.0,5.0,IT,Taipei,Bachelor,0
,35000.0,1.0,IT,Taichung,Bachelor,0
,55000.0,,IT,Taipei,Master,0
25.0,55000.0,8.0,IT,Taichung,Bachelor,0
35.0,48000.0,2.0,Marketing,Taichung,Master,1
30.0,55000.0,8.0,Finance,Tainan,Bachelor,1
30.0,55000.0,8.0,IT,Taipei,Bachelor,1
22.0,62000.0,3.0,Sales,Taipei,Master,0
40.0,62000.0,1.0,IT,Taipei,Master,0
35.0,35000.0,8.0,Finance,Kaohsiung,Master,0
22.0,55000.0,5.0,Sales,Kaohsiung,Master,1
30.0,62000.0,10.0,Finance,Taichung,Master,0
55.0,55000.0,5.0,HR,Taichung,Master,1
25.0,92000.0,12.0,Sales,Taichung,Master,0
25.0,62000.0,5.0,Finance,Taipei,Master,0
35.0,48000.0,5.0,IT,Kaohsiung,Master,1
,35000.0,12.0,HR,Hsinchu,Master,0
25.0,62000.0,3.0,Marketing,Hsinchu,Master,1
40.0,35000.0,1.0,Finance,Hsinchu,Bachelor,1
45.0,62000.0,1.0,Finance,Taipei,Master,0
25.0,110000.0,10.0,Sales,Taipei,Master,0
45.0,62000.0,8.0,Marketing,Taichung,Bachelor,0
30.0,55000.0,8.0,HR,Taipei,Master,1
40.0,62000.0,2.0,IT,Taichung,Bachelor,0
40.0,55000.0,1.0,IT,Taipei,Bachelor,0
35.0,55000.0,1.0,Marketing,Hsinchu,Master,0
22.0,110000.0,3.0,HR,Taipei,Bachelor,1
50.0,55000.0,5.0,Finance,Hsinchu,Master,0
30.0,,3.0,Marketing,Taichung,Master,1
25.0,110000.0,3.0,Sales,Taipei,Bachelor,1
22.0,48000.0,15.0,IT,Taichung,Bachelor,0
40.0,35000.0,3.0,Marketing,Hsinchu,Bachelor,0
40.0,35000.0,5.0,HR,Taichung,Master,1
22.0,35000.0,10.0,Marketing,Kaohsiung,nan,0
35.0,35000.0,3.0,HR,Taichung,Master,1
25.0,62000.0,8.0,IT,Taipei,Bachelor,0
40.0,35000.0,12.0,Marketing,Taipei,Master,0
25.0,48000.0,15.0,HR,Taipei,Bachelor,1
45.0,92000.0,1.0,IT,Taichung,Master,0
30.0,35000.0,15.0,Marketing,Taipei,Bachelor,0
60.0,92000.0,5.0,Marketing,Hsinchu,Master,0
25.0,48000.0,2.0,Finance,Taichung,Bachelor,0
30.0,35000.0,5.0,Finance,Taipei,nan,0
22.0,62000.0,,Finance,Tainan,Bachelor,0
60.0,62000.0,5.0,IT,Taipei,Master,1
55.0,92000.0,3.0,IT,Taipei,PhD,0
25.0,78000.0,8.0,HR,Taichung,Bachelor,1
40.0,92000.0,2.0,Sales,Hsinchu,PhD,0
50.0,48000.0,1.0,Finance,Taichung,Master,1
35.0,48000.0,1.0,IT,Hsinchu,Bachelor,0
35.0,78000.0,1.0,IT,Taipei,Bachelor,1
25.0,92000.0,2.0,Sales,Tainan,Master,0
22.0,,1.0,HR,Tainan,Bachelor,0
55.0,55000.0,8.0,Finance,Taichung,Bachelor,0
55.0,55000.0,2.0,Finance,Taipei,Bachelor,0
40.0,78000.0,3.0,Finance,Taichung,Master,0
30.0,48000.0,12.0,HR,Hsinchu,Bachelor,0
30.0,110000.0,5.0,Sales,Taipei,Master,1
45.0,92000.0,8.0,Sales,Kaohsiung,nan,0
55.0,55000.0,2.0,Finance,Taipei,nan,0
55.0,78000.0,2.0,Finance,Kaohsiung,Master,0
45.0,78000.0,1.0,Sales,Hsinchu,Bachelor,1
